-- Read API動作確認用のテストデータ。curlで打ち込めるよう固定UUIDを使用する。

INSERT INTO boards (id, title, created_at, updated_at) VALUES
    ('11111111-1111-1111-1111-111111111111', 'スクール課題', NOW(), NOW());

INSERT INTO columns (id, board_id, title, order_index, created_at, updated_at) VALUES
    ('a1111111-0000-0000-0000-000000000001', '11111111-1111-1111-1111-111111111111', '未着手', 0, NOW(), NOW()),
    ('a1111111-0000-0000-0000-000000000002', '11111111-1111-1111-1111-111111111111', '進行中', 1, NOW(), NOW()),
    ('a1111111-0000-0000-0000-000000000003', '11111111-1111-1111-1111-111111111111', '完了',   2, NOW(), NOW());

INSERT INTO cards (id, column_id, title, order_index, created_at, updated_at) VALUES
    ('b1111111-0000-0000-0000-000000000001', 'a1111111-0000-0000-0000-000000000001', 'デザインを考える', 0, NOW(), NOW()),
    ('b1111111-0000-0000-0000-000000000002', 'a1111111-0000-0000-0000-000000000001', '要件定義書を書く', 1, NOW(), NOW()),
    ('b1111111-0000-0000-0000-000000000003', 'a1111111-0000-0000-0000-000000000002', 'API設計',         0, NOW(), NOW()),
    ('b1111111-0000-0000-0000-000000000004', 'a1111111-0000-0000-0000-000000000003', '環境構築',         0, NOW(), NOW());

INSERT INTO boards (id, title, created_at, updated_at) VALUES
    ('22222222-2222-2222-2222-222222222222', '個人開発', NOW(), NOW());

INSERT INTO columns (id, board_id, title, order_index, created_at, updated_at) VALUES
    ('a2222222-0000-0000-0000-000000000001', '22222222-2222-2222-2222-222222222222', '未着手', 0, NOW(), NOW()),
    ('a2222222-0000-0000-0000-000000000002', '22222222-2222-2222-2222-222222222222', '進行中', 1, NOW(), NOW()),
    ('a2222222-0000-0000-0000-000000000003', '22222222-2222-2222-2222-222222222222', '完了',   2, NOW(), NOW());

-- 進行中・完了は意図的に空にして、空配列のシリアライズを確認できるようにする
INSERT INTO cards (id, column_id, title, order_index, created_at, updated_at) VALUES
    ('b2222222-0000-0000-0000-000000000001', 'a2222222-0000-0000-0000-000000000001', 'READMEを書く', 0, NOW(), NOW());
